GAME_NUM,ATL,BKN,BOS,CHA,CHI,CLE,DAL,DEN,DET,GSW,HOU,IND,LAC,LAL,MEM,MIA,MIL,MIN,NOP,NYK,OKC,ORL,PHI,PHX,POR,SAC,SAS,TOR,UTA,WAS
1,-6.338740348819052,-9.5089155806366,-3.0380387671367117,-6.579892244848277,7.541574122964547,-7.49581180925322,3.0279677646613443,-4.044678410806692,2.3358654399034373,-4.981446884806156,-2.813480049264803,-2.2609127589851568,1.8284246581286356,-9.978802422001868,0.3208802917448833,-12.1941962754424,-5.483102589270713,-2.9376408686688085,-3.8567917548363315,1.0475124119591246,0.3083385114413816,-6.794684487436736,5.334192654510329,-1.0528437307885146,-4.825500032899361,-6.971294324599179,-2.6096069183147557,-3.2135832248139553,-16.030409584994704,-1.1990794828489264
2,-5.667378607458543,-2.1281291989767497,-6.98493552193902,-9.501910933205917,5.927480449497498,-6.399060169604763,2.4730974866276143,-6.7203969843747275,-3.2875437158868888,-6.512701966774058,-4.477476468562945,-1.222327290441552,5.518760843189411,-1.8148068270151863,6.83019299963418,-2.1532418208975836,6.9041294115549805,-4.44986883313216,3.2589070913063964,-1.9114659121491167,-1.652669537532956,-2.9548087250796855,-10.234355827727915,-4.069149517113903,-3.625159908186364,-8.957192328947833,-3.264872995908785,2.869867594312474,-2.1421362994243887,0.20630225446704048
3,4.2179392171107395,-7.366375855706495,6.797085742234771,-1.9206269384676768,-1.050983619516226,-5.187820784662961,3.765331908120917,-5.430547984584074,-1.7507325088300567,-4.432569503079997,-0.22039629645805936,2.07218068904056,-6.94407055006859,-2.468808728495958,-2.2578030595642007,0.9436554896470251,-3.8610962640533777,-1.1506793160767894,4.355677361608557,3.0038513756549112,-1.0145945866715693,8.569904343510737,0.0278740615553745,8.65653021081987,-4.714962504369031,-5.839449379869204,-4.6953240832550645,-0.29701886388452614,-6.4211112556550045,7.382345836042096
4,-1.4466135090300898,-9.100979700206082,-2.736698607484957,-0.43044965063862745,-11.300860264582727,-5.560077091231169,3.116259204135718,-0.49801033323774824,-10.781068003315326,2.1769907064982537,3.261211518256817,-1.2153059203735077,1.5380061265446865,-5.901069804669641,2.8905951309192606,4.678376042218529,5.414424761829608,-0.6440237356041947,5.921874542368952,-9.983052645552048,8.12030255263064,2.0484906942788723,0.7658621752459092,1.6540430781304423,-0.6386699586931912,-3.1201768824800484,-16.59922248404928,1.8780727187481685,0.8479269681949793,3.1275125077469648
5,-4.902378816041614,6.656410565850346,-5.713672716719639,-3.7443655363347443,-0.9105326461064542,-2.629424852130024,0.5511881467584983,-8.096804084278087,8.328028789958156,-9.298707212731179,-0.4365008458441552,11.732324567705218,-8.970153486758974,-7.0298737533703175,9.240717979661762,-1.4988774030393788,5.872807122161812,-4.408943407016479,7.713552946249537,3.1684979496260888,-7.100393078173723,-1.6729032934358798,4.093758647908436,-1.003436214302921,-4.188939155461876,-4.21946912416574,3.077245168899325,-5.076716738291075,-5.572235329262749,3.7836929930693683
6,-0.4778114366014722,0.7991988704265756,-3.1176858672755894,-6.050421622514394,-1.3466235888980904,5.435401077095479,-0.07174168678495739,-2.2361083170679885,-4.864001357418404,3.16376396762812,-3.9578490060648512,-2.7027194264323566,-14.338821945745746,-1.8565782559378579,2.1810250987553834,-1.052379283862171,-0.043286816312064026,2.5726350916165988,7.539945163088085,-2.6577242213870482,-6.042719414961019,2.3101821790681774,10.640380023359759,1.563325966446453,-7.1411047539035035,0.0007530671994680679,-3.914593396427322,9.32137839129281,2.263271207992811,4.258191936905521
7,-2.7362757803092,-9.475962691901866,-8.906291554285042,-6.048385822759277,-3.4693472046923586,1.360252802188242,-1.7104543159736016,-4.010673412967218,-2.7340701638399962,-7.444713403143483,-3.744526163467403,-0.5535920249483925,1.4357816999077944,-5.283218529539773,-1.5920304671315713,-1.7742322761984015,-2.8420604598969565,3.130673575819494,0.014096041556166415,-3.8531221232972603,-3.712616837921415,-8.133943125864578,-1.0317583674281665,3.437277123763139,-1.4004127067608696,5.475853774373416,8.485864061431212,3.9455883276824557,0.5801739621090602,4.604483826624547
8,3.126352895338241,-8.428992170498736,-7.836704770262735,-9.744834237547142,7.4526350947754345,-13.135559054165434,-5.66846786280269,-1.4110680897248404,5.165977425154535,-3.4585357308984177,-9.212080237544289,-10.918072856145917,-1.1851353165269192,-10.602303226566471,-8.752179969559673,10.20071951476153,-3.0544158857696275,-1.4809993010546278,6.756452612724629,3.8956458016722335,-3.7775924072385707,-7.83630297713123,0.27794813481171265,-0.5497337389804214,-1.3891138368537415,1.100288604794154,-4.887523773205784,-3.236623246379094,1.6590221069911455,-11.062005781865285
9,3.5007641530371245,-5.3771666532148075,3.9330971064661147,3.751854599063509,-12.861189844068766,-6.703533453197692,-6.780805703196471,-2.4152515963230132,-5.305419206357138,-1.4684390105277436,-1.2148297764438145,-0.8536867528050239,0.6247942847509669,-11.678038488966976,-0.020701171776975107,-3.886804184587234,-4.420312150761748,2.262733463422391,-10.296408878378022,-3.892119689440759,-2.5792917264161708,2.152355467683057,-5.682104350743429,9.06572851694455,-4.578640585715506,-4.532213334570762,-1.8474747895283123,0.5677988230827598,-7.10812818395688,-5.74868739474171
10,-5.305673017768596,-9.086071164847997,3.3259540419174813,-3.2443221569486735,-8.363321021367591,-2.36233842441112,-4.267237362270083,5.152990480634037,-5.408618266796832,-1.148494279928113,-6.757250531135135,3.815241148504649,-3.939246443746293,-4.362938601455001,-4.962848028376357,1.039780679812003,2.726107687050487,13.313732176516655,1.4107204942919433,-6.468690622259564,7.539021248464061,-1.9024033104395277,1.3118852127597662,1.8491254406154047,0.18873880008930502,-1.550745169779701,0.5589281032950104,2.1062872564691753,-0.6830280865609394,4.390199074922297
11,-5.662631113342987,2.1608503729055557,-1.6895311679065674,-0.4253065523196001,2.7813530259677117,0.3535976737332009,-2.744806646720719,-4.734098359762955,-2.60995043560811,-0.7313346102710194,-7.448762269824303,-0.5780648764994479,-2.1024586751701415,-2.9228033928982287,2.679498674612416,-1.476040004795235,3.097595290734711,-1.8513454582059092,8.071136273547271,1.2689232631579366,-1.9483585188224661,-0.9551430007468203,3.890533054331775,2.414271402252099,-4.558405638944732,-5.383384808307766,-9.33798620351471,-2.7258286903812983,-9.90257971691004,4.7812908919615165
12,-9.420461627300815,-6.217876664207622,-4.277071758402077,3.9367210479423767,-1.7225435207654651,-8.712174613263912,-4.969788263246642,-2.769554191040432,1.0789018691434642,-6.17611705091668,2.837643810020289,2.936499027172112,6.372954891499155,-1.593276641771468,-9.082461269877873,-5.567936135088773,-3.4687693008675313,1.544920890189989,-7.213175236580703,2.043525128543295,-0.7829889513317854,0.6685082134939444,4.536805077993811,-1.356428128828177,-0.41288762762247055,-5.52404936818696,1.949489299139854,5.5716606562568085,-9.934139802052812,-0.2618221595828653
13,-0.21589921233279058,-2.6979737577787026,-4.030948214025829,0.2478986377994447,-1.614767712997642,0.9843096185968996,1.6929044473219899,-5.587287474138557,1.4339242215200203,-7.4372388635326825,2.787589300135836,-1.5424491478959037,-5.842986640285277,-3.0314322630206663,4.8329634200043445,6.247465627438179,-1.0306063297669903,-5.825031973483964,-0.8341105276831652,-5.943493400950557,0.6972867855726153,2.3577596968860264,9.788181514102536,5.514131705469529,-2.6298088153285653,2.141523489664314,-1.4887563084021314,-9.653750938669875,-5.797167670385446,2.737429605390443
14,-6.83251305723974,1.118747897323089,-5.172498538805912,1.2970802897802436,5.528168280118409,4.334502544843888,-2.3394505502514176,-11.656231387336973,0.5511058652610481,-4.350784556220557,-2.2679562412590597,1.138705909426862,4.088525384944342,1.545122170145688,-4.24025780422199,-1.720893158984528,-4.010599616722722,0.7151198796480759,2.57204266172713,-6.534693109640216,1.3072566134933095,6.120335364458906,-1.1739616233764998,-7.351460268336674,3.219414917109791,-5.600160443578756,-3.9671693378152315,-0.9491072349255929,4.129766466457009,5.271615200558638
15,-1.1858695453654586,-12.773122730249145,-6.011626207618572,-0.4453290655783544,-10.698096967659732,1.5214713647240454,-2.789401636325736,-1.3076887975046358,-3.643902542128155,-7.537902753448861,0.4560062659155192,5.503178517888042,-6.0816021713340485,-0.6722304723823013,-7.208586278155759,4.225545943450623,0.7490709396833888,7.217695995673924,0.955994334565222,0.6967019487002354,-0.575382876248373,-6.160943126639426,-0.44928113102565853,1.858499493056291,0.5432396762801551,2.1096525629154184,2.1552421406209272,-5.121098406179638,-10.19814099469502,3.1985030807222676
16,4.219768651311018,-1.0975471481956032,-11.004939575726564,-0.5594244268798038,-8.427495086688527,1.4531136657334638,-12.425231958465377,1.1416080417631995,-5.255637201658964,-9.007881714558128,-8.376492059657306,7.226121230741326,-1.7518587095539533,6.519494526569749,-0.5607376904157739,-0.6588624326210296,-2.0074928398671723,11.148407603918715,2.867337993610342,12.48562130560793,6.035059085743657,-5.322385490555965,-5.867518744184767,6.640215387262983,-6.232909856450262,7.917696529606859,3.3756929350041287,-1.3230686074270746,-2.635610315970111,2.205561358432552
17,11.124653730059347,-4.909731606623123,0.5857805336408847,1.448584162535465,1.5569489536618635,-5.705397219412458,0.6384885410901928,0.24960890100257288,0.6327963486793012,2.186791862858433,5.550710435259368,0.30341989488558035,3.429454153278784,-1.746072537250988,12.78873272123222,3.9746492769138357,12.768367382196748,-3.8764643432002353,3.314182879372963,-8.10588914238326,-5.086832913262303,8.606272075711862,2.04188422640894,9.237082081727744,-5.4058404678368674,-7.451895387347303,6.316709431091459,2.059410976089782,4.047535211627627,-0.30067938901463875
18,-2.411819003446053,-1.414995378315882,-2.658942722523289,-9.536327257551038,2.8259417848015254,-0.7885582680825445,1.1419136985712115,-7.892828780916683,0.6250555111125434,-2.977252838416792,1.735562468379799,-2.3959656672087126,-12.168917766088747,-4.024902103841468,-6.978434030318634,-6.861079342980622,7.583395454746177,0.6583690738656911,-3.911688774693952,8.8782489412523,3.553915048407435,5.727231254753882,4.443435773610953,-7.210991889685362,1.4141243088006556,-3.7660556987642346,3.2822035532760045,-0.273424944383041,1.581172020120229,3.2589214472383787
19,-0.057381835152809604,4.47214703092222,-3.618723015150863,-9.43189175182318,-2.811799030378419,1.6833656521515539,-5.003641841416998,-2.630167052234313,8.876471227378248,0.3121389620345125,2.240064863216059,-4.743351191663839,3.4227872725308393,2.3024229680904016,-8.597128862099442,-11.261838900242937,-3.382538791232327,2.0156706358698204,-2.3866406433077465,2.6569407792065927,-7.664511336501069,1.882012471658308,-2.835736293565409,-2.4874616088560635,-1.5951649894167257,-1.425620744914253,-4.097562034846984,4.394305278652875,1.2436709549384641,5.240966486781818
20,-7.914450006583739,-0.4017875848261774,0.7189418175646576,3.762629405900221,1.7836243274873194,-7.772966368802783,6.550609753674996,-10.407198438828722,2.3422194762588835,-6.599756811620456,-2.484183071829127,3.266810009013049,-4.9124214342017,-6.426506780181863,-2.5047555674629827,-7.413593609543193,-7.442824916928782,3.679461079195408,-3.1770155019404247,-2.282295540495678,-0.969388653866503,4.3686029417429015,-6.5928340603372435,-0.615741935689835,6.462499550616208,1.8729940217497323,3.9849445660805336,4.8044208278554805,-4.30468813579345,5.567625202769321
21,1.4260901602163822,-4.2864442770767095,3.0215907495450716,-3.994662036373857,3.31674374321092,-5.763025898077872,-3.6137783868210187,-6.282203564737981,-6.83445970356019,-3.982561211036991,-0.15947379859358943,5.847169016529351,1.7722352421204908,-0.12498627458195657,-3.507432812142182,-3.433287621182857,-9.477556596477214,-0.5516943284460845,-5.54562509683448,-5.5626826774764915,-0.45216728540905493,1.172296884456901,-3.018993766136092,-1.3353029822935578,-10.048734026230207,-3.1153506273316007,6.030856699660295,7.790032291522529,-9.669894887632207,2.6534899455954095
22,-4.506292215953023,-2.367283293304489,5.232087091176454,-4.680032020487101,-4.444000178639652,1.152577581798731,6.504480512476719,-0.7311515380907666,-0.264528557559282,11.28665839376619,-2.7683873456570853,-2.2232355689122465,-0.8912750074307347,-3.006811164494948,-3.6797602989184703,4.201122555064297,-13.55758321237001,-3.981361701103628,12.38515134278096,-5.307321380641476,0.004207891811959252,-4.037058279633818,-6.577320612541162,6.914872135898946,-5.000225058711375,-5.155275023975444,0.12934885921755712,-0.07437497720941799,3.1842117793066356,8.44157776228987
23,2.3270366138470115,-0.9123161344118342,6.805309327760993,-9.540016108972708,-6.498004876547175,-5.301247257412839,11.296190308234095,3.006362918624499,-4.796801273269018,2.328527674111221,-8.221832514866337,1.5263509177712735,-11.306302803081671,-2.2481401394278353,-5.523884295217099,-2.842334850426036,-12.905176133322243,-7.258928822456137,-3.5434536114142525,0.5296996577375114,-8.497609957400194,4.204206072546382,-8.58170569157292,7.200007964494034,3.2942421714758208,3.070938919788137,2.0508431895649686,2.2569471968223307,-1.3950490386244998,0.10047628452956275
24,-1.2989553627865422,-0.635358591519554,1.8311296878088017,3.300247856395,-3.691545528593515,3.6596071766780987,-8.438973818123774,1.8658099429863537,-0.36348895199316594,-0.3035502906353477,-5.6373537328855425,-3.1499314868503516,3.5537660385450445,4.359050890288796,-4.383723074508742,-0.7257290983219565,-5.317522843445327,-7.25605253322086,2.9708493806187266,-2.7552862270709433,-4.085936464559812,-2.6239591676272367,1.5529629006798857,5.114873549146535,4.792663718324204,4.70368338555459,-7.061125229995853,1.5692364627451485,-2.6322815122220944,5.677179779653194
25,3.462062777547863,0.2630237151119383,-6.406789894165594,-4.551575540111803,3.3516058199368963,-2.171705334646455,-7.925446583535956,-1.8812075013655916,-5.455472819445545,-6.285749124440566,1.9793550293472348,-2.0151104824314836,-6.931995503796964,5.598534030594514,14.349192876538346,0.40155637540334577,-1.905841621505562,-2.3142869160884905,6.091852312349998,11.46816078200277,-3.229927242877975,3.418556323535314,-1.0924862851088148,7.144197599037739,2.8448323961932593,9.470981000139808,-3.697275647628801,5.789492838709814,-6.170484291260801,-4.528354423155559
26,-4.353749856744169,-7.1964275776100255,-2.239321982378177,-0.8815942164895032,-1.5816524139346622,-5.793222496707547,-0.7471464866962537,9.395253990823992,3.9692471521585913,4.00294442812076,0.9473175618508337,-2.8568631196949856,-5.974813871359104,5.335067289974637,-3.940577252612999,-3.4193108248700077,-1.6691729013067955,-3.2008224014431916,-4.52951299999036,3.36792135322072,-1.8046417829442447,-5.486801452890383,7.035644563860689,2.071216161943084,-7.985126019682603,-0.062333346111008346,5.211463794816023,-3.066896411497767,-2.223654790650464,4.1767327573635775
27,-5.069762702484987,2.579688350029887,0.8745589717817449,-8.469562653513368,-6.877847382344911,-2.915513672994959,6.0804319684523795,5.644161713530441,-3.3687450790108886,-2.3435994228760206,0.7898173870639612,2.451379816739744,-6.380660426643769,6.212988631600302,3.7282454357783994,-3.791067456684233,8.517523067737482,-5.179800672049366,4.980773619063514,-0.9170205803619945,-10.105240778532343,-6.9152637788939755,-13.990230627847453,-1.6071978499033468,7.513230121703262,4.248748927319098,-5.879301819805732,-1.9121253770321531,-9.814628014765008,0.7866678227078733
28,6.749332545394108,-14.641596074846177,5.751263227927426,0.33834062080359945,-2.2392259889944146,1.9018351519265926,-6.705006811042149,-7.062830581640102,1.6164273362907848,0.1602376404376281,-3.8243045749399123,6.003948843195492,-2.7160226781466887,-0.18400188297122572,0.3156770862154368,-5.093953465062163,2.335706312745134,4.834913798452958,9.87293638181317,-2.0866350225005945,0.2413281595631768,2.281626507594327,-5.076292904856776,-4.014527545826723,-6.493807595392612,10.028976115507831,-3.4860141019766786,5.731902181504937,1.9015007439519274,-3.522901423718918
29,-2.204953881419179,-3.715423922844451,-1.0902019490715549,2.2229290971774467,-3.7496069089995663,6.138588414996749,6.319097312450659,11.695698640956364,9.306552083028942,-6.802804678238813,-4.56993797860065,-2.708599021004193,-0.03162597283435404,-2.3214824796690925,5.274678920172246,8.918505673158922,-1.707690641339769,-11.212788476141819,-8.213290467882898,-4.195247088523023,-1.911366069217976,-3.137292499481442,1.1175060489664592,5.035466339210226,7.646746445757701,0.6355875306948184,2.707388352395597,-10.162152685587909,-1.963992317182229,-1.302093564266602
30,3.7550672693627587,0.37619464142241177,0.8360424349723734,0.018825313322512218,-10.204319540788523,3.865907016609729,3.443170541670683,3.3629746066636863,-0.9626713688871846,3.503743444405852,-4.770792877295589,0.4323129498942934,-2.4560731850084756,5.205822879504626,-3.4691331680706203,-3.753536508144253,-5.093563228861855,-5.211895037365056,5.655382120913383,-8.30795795427051,0.5278885550819674,-2.120905811136674,-5.058460419676381,5.0766748162892315,4.940712228986643,0.34245728741428816,-2.818468833578126,7.274629967257686,2.798940041356399,-1.6315425707136213
31,5.50666354636176,-8.669074642516998,2.9427646429205643,1.122313960466339,-1.6936728097748373,10.273690773343393,-0.5367878518597456,-2.591641489656257,1.0113619121134545,-3.055563225973008,6.3067085428197815,1.752105527441848,-5.7864902952363755,5.664891197868456,2.9271597858882505,2.828515611218685,3.3868947285852706,1.8499354333639002,-4.222825677970511,-5.84003471275636,3.3674990975057644,0.9100539165812959,-5.645974949769412,11.026144370344607,-8.753649977586626,-1.5802352087746516,2.503530229216603,6.6397209767890555,3.8849799393530895,-1.9034929111042378
32,0.255732992823434,-9.957950843800912,-9.574535722433742,1.5973136483950685,-8.580309511646913,0.7336415327048158,2.406312240981282,-3.9542009218015384,8.881743016553711,-3.3044414526736703,2.7556105183051716,-1.479636583644642,-12.069199667624067,12.153559977373178,-0.4786130479953227,-5.466020603163265,-3.584135853525373,-0.15864967558645654,17.44865771883777,-5.226092176149593,-6.387789830461007,10.512768741835961,-5.171287068786747,-0.4200458516523318,1.4680794453860468,-4.040691816418705,-3.0993634356044986,-4.372389677596833,-2.8094495637693644,0.2140566546487218
33,-3.9997188571797873,0.2272318521238685,-1.4520279152884579,-1.6499484235502504,-3.389252129766894,0.6041350655792164,3.643673571134652,-4.067056712230026,-1.7538987333268525,-5.154753388049009,-0.3086340303169224,-3.9242102216059855,-0.12576380108497465,4.371257692817399,4.9675328834436145,-6.062217279592011,-9.865739130390127,-0.8059443444405491,-2.3065627905901147,2.822445290834782,4.629691750552868,2.5556513354224415,-4.622883724607354,-7.248179830826869,9.288133988084763,-6.10277716761668,-0.41489193857217865,-0.1745622406443613,0.9902403732567626,-1.0779976913555727
34,2.137742334437933,4.132964033217529,2.0617325669013593,2.00893206995945,4.195243776519674,-1.0223272024355645,3.4334289279288646,6.429851265809524,1.3461595074223156,3.336826171680467,7.106458017112057,-8.789840995902267,-0.6235327824999762,-8.639742013630698,-0.616885666273174,-0.7812831975277567,1.2091367205212042,4.658872490720448,-1.9986903859704843,-6.580101228206222,-2.408307766167279,8.542164769634672,-5.387059893392018,-4.28644733915509,10.243763243101437,-3.1711100447848923,-4.515746961305578,3.442105400620877,-8.450164237944588,-3.576296305939846
35,-5.263466375931154,-6.133722874582974,10.616807380656393,3.2695621592516604,-6.854275206622945,7.297904363498221,4.568603214035711,-0.5405846599356652,1.4540970026347246,-6.138881230962025,3.1383791157085272,9.407930864859278,-1.838437767932222,-2.064852881756812,-5.633389694704978,0.5638614255378491,-2.3039131262364845,4.511768078229315,1.1841531582519411,0.4565312306877555,4.466139435019865,-0.6117106232086371,-0.2137817914381068,-1.8784044685420813,8.89642757308043,9.791349987769879,4.898537401469274,0.9070824016411508,0.6880438947565788,-4.495770524855817
36,5.254427176802986,-0.25566571234078156,3.3844338872984925,-0.8828551706254226,4.071240758011745,-3.1964905642057873,-2.4588761864114947,0.2903330543760728,2.1517065359709115,2.0727495853083138,4.841695082914656,-4.927512901587005,-7.448967649854731,0.517659828930419,-0.9080381811982993,2.072384068037944,-1.0499152332509798,-0.9980507078650992,13.12581701939623,-3.912873756025231,-0.6821431513279425,7.990927653544802,3.1111567976129724,4.108283433607597,2.15116552786677,-4.570903810525233,-5.762148584651592,7.493043330531579,-3.4946082516240233,-4.971248201862305
37,-4.79977783020475,-6.248693147850848,-1.1771817928678474,-3.104863203152909,4.860310945648204,4.110661689735249,9.063282184016003,0.7007776173355719,19.951102166024004,-5.409061364828987,-2.577612161601376,3.0439734729340464,-3.4681825147715104,-4.706308137347799,1.9538817125512187,6.201843657012055,-2.5521446390716407,-4.994431987388674,0.3663637034842689,-5.163024725462378,1.2073555365397568,4.962602014311004,-6.793104083411196,-3.5265638634509835,1.1798762045150049,-0.1778290309338428,4.587616425708835,-4.3385434086499055,3.6623002042774666,13.146541101465608
38,-1.753116312606191,-1.0003321107200578,-6.630766969053908,-1.0186632957754302,-4.583477591427483,3.726325748111838,-1.3009192401434992,7.8590663672184045,1.1410774833282267,-2.4649050284415726,3.5532998274432503,4.044246437504453,-9.56376033557704,3.9558426373755395,5.087427715966557,-7.1869141560498,-0.042542767358200805,-0.5708620980168183,2.1521897023078833,-1.0165645966960757,-2.2907566562926336,3.353490001238672,-4.7183347240082485,2.488707196754368,6.760919392362896,5.141276092849977,-3.0770062847675144,-3.6720558791972486,3.12236843054693,0.2414252719246229
39,-2.164914931659861,2.8515063500129987,0.5067738673014875,0.18145332995866478,6.547637389809518,1.5232796222200606,0.6312398755730618,1.6736891251741586,-2.0424805883016957,1.4774320165450725,-0.1315597202357733,-1.7345736178527258,-3.1616876171761468,7.0070175673352795,2.5675155797847435,-0.42621863931313425,-11.923299000455899,0.020577292357352034,-3.5702061583005347,0.12740351625597074,3.8786146449078776,13.96181362365999,-2.55082966692035,-15.52672308291767,7.387421105584311,-0.22109811032808901,3.4833243181846245,2.013007857794352,-0.7082749552652912,-6.867163847088294
40,3.8443699177050425,-2.1259742983117835,-2.7756186821334086,-0.8416802537889406,4.625252585180948,-7.846462358817838,6.068185946816876,0.7774690510753546,-8.108101862757062,7.826702885403689,-4.519922341440686,-6.251226603393787,0.29301580474547184,-1.4922423505082933,4.426840168007375,-5.672862883626638,-1.47956746784778,3.108330100174345,0.3042788390718356,1.1434534839518673,-0.07109343387060209,11.61343431057968,-6.493401347537695,-6.059534245871405,-4.572952443109896,9.904363368777021,-2.8667263405341123,1.8229771977444447,3.826888109091536,-8.534552125587096
41,4.404985458542475,-0.9059824639439295,-1.5425752102764587,-8.925510214298447,-5.2726147498216225,2.092072882142687,-3.515421112059017,-1.6582974063788731,3.275197645782913,5.060497404861264,-1.8183544151337898,-3.573683356884224,-1.2827996393190078,-3.1164240264136254,-1.4441102288342076,8.250272738536406,6.288386802098815,-9.820304103922851,-3.6582991772305156,-2.6342200016773716,2.0170486552832063,2.6099966152595413,-3.294680438628385,-3.9036388448997497,-1.4708832775074578,0.5530586970120278,3.0610676119864246,3.117940885696323,11.275918769936707,-1.678168157356877
42,-2.654226802113269,0.05730138379428151,6.746855186660608,2.661397018004059,-0.39768308312101974,2.8954400287620157,-3.291618109749287,-14.632581898756976,-13.197208445712974,0.5433303979562577,-4.420284300726333,7.076365029439712,-2.076323053827356,-3.3658743357325935,-4.109426404208242,-2.0669509391405527,-0.24134948661424463,1.7054924875892363,-2.8970354190770395,-1.6848051989625819,1.44063181043558,3.560977189140405,-8.703090734850957,-6.02883000496292,5.601830274158381,-5.306586010199477,0.6189681967032185,3.5871518182433753,-3.1408976376603683,-6.740006490213602
43,8.974183255561469,-2.722960489996277,5.3071616318867445,-7.9292803869485855,-11.49420376014667,-5.716805327070033,1.9282674504073263,-1.9499794064349822,-1.222865943801855,11.088383607480521,6.5652677352653575,6.2472413251319505,-7.352795285892126,-8.120006733443466,2.4833494555225735,1.808845542204926,0.7985582470497862,5.919328897255113,-2.2197639971401166,2.8241425174487738,-5.216017519515053,0.4933047532309625,-2.5137590897083024,2.615390746593509,0.9938683489190313,-2.4772424450026618,-4.517478984794378,-3.1114379704485127,3.573658147784884,1.3215762541687346
44,2.794865577538494,-4.428822771662873,7.020279988074745,2.9628831633519264,5.337028302464337,-1.5882662022203742,-1.9694829796457016,0.25439262896000353,-5.964634873967511,0.029200650862453666,2.4206901407798957,5.111919128229356,6.030119893438293,-7.646521063477585,2.738908503252568,-6.69367009100633,-0.4940078956018196,-9.009921969728662,1.309911249274449,-1.0152840869495177,2.4115783261933452,4.932296304616314,-9.552509224538934,-1.4907720831323599,0.2734449053965178,-2.2531300231410136,-6.56460173382188,-1.1004196058759916,10.7108059664892,2.9861565626491986
45,0.5742292226265084,-2.4341778693930785,1.390872087387525,9.838654749804862,-3.0368534440917108,0.631156807880299,-5.330358213833991,4.238175736733457,-9.98944248799359,-4.7230204093807675,6.274188016767666,-7.6152884331365005,1.2588124855314569,2.45564764208249,2.755597897452572,-1.7613964165866796,1.573828889505861,-8.23424999578527,3.977979580204707,-3.8099790768099973,-4.102989496984639,-4.205810630933597,-4.534864959587443,3.101369118416975,0.10134781193611438,9.904080218004523,-0.554429464362919,0.9180375073280198,2.217252567381214,-5.049610763221424
46,1.5722209222957377,7.293934981032804,1.515837899323198,-1.9919975697476606,3.2893279385078236,1.6120588306877606,-1.0553147827347242,-1.801178304433932,-4.4939687721372215,-9.065087953907234,2.98225191822444,-5.115877751620455,3.161480827805708,1.4583189390897817,-0.3127228754009422,-2.436491127871296,4.714601827697275,-0.48169495646972893,-3.089444291765859,4.062986685251815,-5.148162469171036,6.2672744891066445,-7.564586051536376,-9.232311909960902,5.4635112043326854,-2.2134031540084487,-0.23216607218831986,-2.5199566105643774,-6.6248576828307435,4.394372893054497
47,-2.781148748058294,-12.86677518566438,-1.0868342637156374,7.794751855164603,3.95181732552877,3.6615347572924395,-3.483496035093212,1.9549161698971755,-6.516252385755704,-2.2678445846374493,1.4150099235523694,-4.70401700041202,2.0575859281375277,6.988842652223169,0.48840614270798205,0.4727805940404008,-0.9560129321325742,1.3081000219900076,-1.3542233958617018,-1.7410122787833207,-5.385127649773342,-5.185839643978862,-6.460643877529203,0.4836264100111278,-6.079255933978982,-1.5158479921699626,-3.2937612859995835,-0.6369172684419859,4.692739604003939,-6.576647856125962
48,-2.4978990497616076,4.843312985015832,-2.81456878626518,-5.278039089993105,-0.29225064684885926,3.975476583539386,-5.577944894410155,-11.98888284761056,10.061625165790556,-6.678080384794136,-10.143319212412829,6.239132586996628,-8.555864323041389,-1.8393193578586329,0.12044979919362457,0.14092413359123532,-0.2622192727254556,5.393520827849167,-4.47750179327889,-3.7124217439946974,5.165103462646722,-11.358118043631649,-10.492538192007217,-2.0599114431888346,-1.042433221943579,-2.4558556206214464,3.9616423639947067,0.29276950789337697,-1.1944173451724072,-2.0345675321732406
49,-4.505296878743321,-0.21688358648021647,5.32896942981221,6.567242003208152,-2.6019873318957094,10.518947903950433,-5.441413381839884,-1.096613697828802,-2.898654176811094,1.6719027917415723,-3.774822374550523,2.6487508043289556,-1.1385041272061207,1.1128673905279456,-2.903936627305412,-3.2616529151768323,-0.6190289820645447,5.832266836738686,6.490623427075568,6.929551753790168,-3.102809870463123,-1.240776829642405,-4.611145227207682,-2.47505179177917,-5.292471385633031,3.533531051799846,8.388314583217138,-7.257196903015954,13.363092839282826,3.29076473716267
50,-0.8408164000339352,-7.577625130131705,0.9000948739594764,9.935619281900548,2.6423784600133464,3.4145934874513815,2.5529701802732254,1.8233838316151303,0.14699514445989895,3.0146117346916435,4.165165905602042,6.273502937254947,-2.2982388012264763,0.26989874215222887,-1.652092317722336,-2.472252656220094,-0.5212659016055055,3.8395025272221854,-2.9056451369290195,5.107646243954244,-1.757638658910987,6.390495418251721,2.3915969243204165,-8.829056507154158,-4.509885626094381,-1.9206059664022432,0.5459855988324229,-2.036631714253226,3.0962022618182035,2.929893719835201
51,-2.91435138693267,-0.6293175602698834,9.577525485923195,-1.130908004447136,1.8187454328780706,3.7937156094160893,0.19050545806142208,-4.590434167044078,-0.3964029216026532,3.870869161946473,-4.762564780384376,-3.3839021735228223,1.7880004226939277,0.9628914946276494,1.336910879881786,1.116240828320836,-6.221236563089725,6.525082137181471,-5.516199664560459,-4.483547225804908,3.0540840839188466,2.683714688697418,-8.182342188475097,-3.018673086212258,0.7172020814655811,-3.035985567533121,0.38103033981338136,4.142966015063199,5.182195133078643,-0.8837302856576511
52,-6.418378397005886,-8.482233360164168,-0.4482736386975053,9.620694430335345,-6.356232525769695,-0.24834613982479553,7.26023038824577,2.1294567085877767,-1.153260684368452,1.3716372927262541,-6.567961173479094,-2.251553406674605,5.151044445005811,3.9083974694087016,-3.503847094759873,-2.8779859394633203,-9.562998219305108,-2.043991957854285,3.18626897511153,-0.42822361225198335,-0.3924967991111907,-8.166637048243889,3.0038886819385717,-3.3082227197122456,-9.446296585673112,3.5461266830398226,0.03101429291440137,-1.5680197149271666,-4.668646118689538,-5.421923233779096
53,1.1116201616452357,-2.801247723374386,-7.004690230955613,6.943089050203574,-11.69198481411906,-2.417393056705805,-4.7442850186909125,-7.540150633792173,-8.033887783675722,-2.5001283124065163,6.101524835927457,1.2214248860353076,15.398704599622404,-1.1418434738371113,5.1455218247631995,-1.1870642844453223,1.5853636133901592,-1.7346937422804554,-7.39994489835297,6.581643488955794,-6.4680619237465695,3.840374144484316,-0.333064300794718,0.9696452569903454,4.481766730486843,3.124339421744268,-1.2352479767510838,-0.18785615667854386,-1.6063293108021952,-3.065325401146291
54,-3.2728996968910016,-2.5737764017188787,-1.8355194054711352,3.7636190208824707,-1.7347048861060068,-1.548842364476994,3.625741461240271,1.924192047654087,5.831553596193511,-6.247304562960439,9.1962845945812,5.32162529985877,8.019469032482592,-2.231964726984996,1.8711757080999012,-0.6176935486237236,-4.7870783753361925,-4.299534596044266,-0.33106683427001127,6.769894840984694,2.7055215421897416,-3.5285890197518377,-11.046966390727599,-3.323975729151318,2.93072054689351,-3.222443764772069,-1.9383665341644838,0.6432699568992121,2.3437224168641078,3.3327567962525273
55,5.279966941038602,1.7970498464423577,3.237338662088141,1.1021166102763789,-7.2040122018044395,2.888370870812627,-1.8568147271016364,1.4494124899743699,-4.031372332302802,2.9289975302475306,-1.1022783421164675,-3.882806490197414,-2.2414813032015735,6.0438933585264945,0.3322716092010293,-6.509942970837709,-1.366525144836626,3.0566866680562104,4.338231225851077,1.6045557603438734,-3.7934607823024966,-12.038747483267398,-1.4484589301794324,0.28602296386999865,-2.4776293866382995,-1.5700596937643871,0.16820196080700137,-0.11682436593578348,-3.772615941490307,-3.5782699209970046
56,1.217032933388745,9.497612046112717,-0.6272444739424506,2.4150742222491157,1.7250887609546914,4.043036932499708,5.9731252517745785,6.328009112788474,7.410400011712317,3.4686022691674983,5.838155530258005,0.01966133891053327,14.736955448827178,-6.7121210285008726,-1.937497279317486,-4.930568006721911,3.45081816749317,1.0658853424728119,1.8651557033130348,-2.7032201030395395,-1.320579167783473,-10.265459269406104,-1.9446779230514006,-7.235141821307004,-1.4791166341467967,-5.41869517076128,3.27292262335613,-2.201048742352468,-2.1876461995204757,-3.169737831355372
57,-4.646514332028191,5.513809660618486,8.452364750427888,-2.7620237494851123,-0.08142564446028358,1.0018360088388145,-0.9169631399364032,1.9637158242194803,-0.6668165577499836,-1.3688474266336756,4.1166324609420455,2.521813710143916,-0.21492787951163517,-7.498277218174812,0.6532936174703158,0.4037242435038023,0.153434691886939,1.1374067207283982,1.0910229356376295,-0.1675850978655365,5.505929384885579,-7.2441356487396,0.6630231102149347,-4.6643064885031595,0.7244601140255094,-2.5118210958419978,-0.1453885556423729,1.568605592377132,-3.9763170466723503,1.417618160169064
58,-1.1788853667898778,12.616359750630766,-0.7287538802575558,1.1052838897423807,-1.0000962683772228,-0.783581177845981,-4.277556481754576,0.7834053701743189,4.4025245562638675,12.869400491209639,7.038303466752124,0.31294467828110406,7.71198602770338,-3.6854845931478297,6.078819426508059,3.4401504831196235,5.622868551899986,-4.949463707825094,-7.11634950542142,2.9639406978480545,-2.412781824102613,-4.745412547843164,-4.4022992018764695,-6.980758890566146,0.3179842326311175,-2.3174497248425614,-9.510630459722663,-5.884305115043856,7.965676000216438,-2.355444198247246
59,3.2186273469606874,2.9948670440483256,0.5921327078113919,3.899632110318948,7.989938991298151,1.2236220545389094,3.023794226799311,9.860793856330764,-4.388291673997173,13.697061366119293,9.011549859228836,0.8231947294385821,5.496891226140927,8.35780668178557,0.5335085274548736,-8.315963828583353,-0.11125594624905547,1.1058047685561545,4.175728496617803,5.17401349599226,-2.944837204337451,5.506821197430069,-4.916591604738071,0.27104878640934416,-2.7512779358786497,-1.4471878242303144,3.74915226895585,-1.256564146643783,1.6448598105063759,1.737982355292748
60,-3.959922449272413,4.257668306482565,-2.254626382762145,5.024232638349067,5.824072584813592,-1.8783119183275998,10.616952823695556,2.343716068475509,-3.6457749452508628,7.488744605250821,6.458161110973968,-5.456937458664836,7.2349771577574,-0.36065243298676275,1.7667391043754956,4.2546800766221216,9.269065553819953,9.124718703293432,2.852009210014273,1.6379915340151239,9.727205237532171,-0.17869946373316195,-3.635560946544306,-7.957298241833097,-8.223135461250385,-4.353766720305925,-0.8246410414082762,-3.489464713135401,-3.330493513596172,-2.725397098202881
61,-2.5395723281879223,3.987818001794516,1.1150975708359923,1.3641628402152886,-3.5577993042284612,5.869360567711998,-4.821185132023359,-10.006678833626403,2.419288593951246,0.48232311879061834,1.7791491247242317,0.8661462693663257,3.426632801303213,0.5833084663116912,-8.230627136649607,0.013936114798481452,5.55743940684858,-5.947757937158602,-2.0655023513468422,4.462161600637564,0.9500468348867598,-10.645086671288803,7.445372449637845,5.117729243111172,-2.0171928857676664,-10.710408619930758,3.046941578305193,-3.548673816029902,4.346314019093184,-3.317960637973808
62,5.486104542271802,11.090625731746062,3.5992337960599254,1.6159201313903022,4.291488676873285,2.992598153741688,-2.6826795540792423,1.5914434316614854,-4.217062227887345,0.5850577889352483,7.6999464970097,-5.434167152446252,1.7393728946620282,4.433635768358066,-0.994404016082809,4.277082304191218,12.046991428287065,-4.587303266433377,1.663718259943555,3.4713649437209386,-1.1627978546389781,-1.7278073055156844,-1.2161120163473942,3.3329398008640747,4.508499674765045,-7.1970530642754555,-3.2972655216375206,3.534719770618306,1.7964286134112075,-4.083710732256445
63,0.25355021966539565,6.1401863604534315,0.03853745261158569,0.9607040549765461,5.101861034385995,3.807253075313015,4.681202952506654,9.642389820024642,2.6001456584984473,3.2588282285986216,2.089026430099997,3.146547222023482,6.899090626258496,8.068286324702049,-7.038454091212414,1.7982296075588444,-5.659536876780685,0.31849282769462517,-1.8391645914602308,-6.818695268285046,-1.9076928750091955,-6.039283303704367,1.9410241375315596,-2.7654828487046434,3.277475050107844,-0.9462845990376432,0.880484832257349,6.806233804300678,7.419462633993458,2.752888450291106
64,5.725611853096626,-2.8221045112711045,-11.503284652146926,0.37603439339754263,4.0006247638105865,13.73897066556091,-5.121099015072815,0.9726849708727526,1.1833890801872813,-8.520454115389846,-4.979676857449535,-7.736089586322807,6.60469409840727,5.352423075523914,7.84095418425339,2.2111302353689397,-2.261667961443853,-9.930130184761609,3.512420164335065,-6.432364417801815,5.509858080282866,-8.042055461839833,16.07725783878405,2.173822601793171,-1.6580050341558727,-1.531689068150295,-7.4210396496670095,-7.145582667989265,-2.2628095952003466,-4.446931496565671
65,-4.348301802719628,-1.901939958435607,3.018505595116179,2.0285672182165944,13.20764712110537,0.08031886235308096,-2.250698535900279,-0.6131405921362911,1.6782962092065368,4.817467844714255,-5.254839229767286,-1.7614089644858983,15.184843225659254,1.4271448915491811,-5.402169415395333,4.530165211709426,-4.9610467184239795,3.1377517285956067,-7.786170755534187,-7.8203435165757735,3.5138523389986025,4.387671424493781,-1.3619360640373128,-9.29735844315558,2.072500181245571,6.640960658828533,0.17704411970057757,-1.5744108692759808,1.1944291299272127,-3.595513396400265
66,0.1977890187246374,-2.3131418086312925,4.555972562792146,12.366206528321815,4.053978650060803,6.1993680961603745,-7.022908854991572,4.383725848664878,4.884707728112845,-2.2646782816799678,0.923290296067079,-6.150028343320382,10.68217480036342,-3.8710357782055915,-0.6623236563314372,1.7178130856474336,-1.2802318716719752,-0.7818510977934601,-0.1728527024195384,0.04735595625196203,4.674283319304133,-0.2698360024778342,3.828465794933865,2.942707754102488,1.5755318464040018,-1.5766238659409093,-1.5941105210813749,-7.00330791731629,5.946690894271256,-0.6043163591213679
67,-0.3084024672186123,6.562133546422726,1.8914837908070985,1.498649605602093,12.016730344302522,2.116717270271824,3.7380870452350905,6.766640988885224,2.635031030790941,7.40672296704213,1.4109302683475486,-13.374534663326472,-4.252606956654996,1.6735188695469319,2.705778328566856,0.45702959636060186,5.898880318036374,2.1901323726623834,-9.646811627406043,-3.696915494180732,-4.351939726576646,-6.048381593169337,8.983661349391708,11.484333889963942,4.253505887555122,15.266128386602668,3.3617681949497267,-4.527898021602546,-5.380040726371211,-0.03662801929679642
68,2.361428803839453,-2.2818913807708805,-1.6192589214002227,-0.8187593327967536,7.014258168781186,2.1221029335255097,-6.505504770674048,4.953822684632646,-2.0053422310255304,5.388806253935147,0.35462944884168773,3.2759530956445353,1.0540000666997826,-3.5266155679761924,7.53745130371979,-1.4550078932373411,2.78636221491963,-2.480539707888783,-5.478953037909941,2.984484151356534,5.648923422332183,-1.7451867891797286,1.6697482958733922,0.5872694477085951,-1.8384166061500042,5.852928804288133,1.8217767768936945,-1.5304548557778819,1.6864889661570417,-1.7173867255132902
69,-1.186283095569742,11.215541635648583,0.11704054372803926,2.6639470435806243,-0.5032819694530911,1.787490073471511,-0.760894804392053,5.305621056837827,-1.8151391320188877,4.137336160158009,5.437344431938799,-5.877857741263267,-9.39125422596241,1.3127903056654837,1.8906879556134484,4.096462044711037,-2.0300974512455108,4.144588296011659,5.057036728724911,-5.329106870377589,6.102545006771348,-0.4022982619846502,10.096182037409235,-1.1385229606384668,2.765144600153234,-2.8457276544513457,7.959894886424803,3.8914221090924976,-3.3832937419535987,1.3657368125081588
70,10.800659280614266,1.0273097956450403,2.7904444883970636,-2.358347547628744,-1.5210725762480102,-2.455162859047141,-6.821468357925534,-2.78794639497548,-2.9735126595384207,3.7847536761071985,-13.469848859306675,6.051305652076904,2.1182994820685974,1.7458239070908828,2.579432246329687,0.6876820768573243,-8.729479093722585,-3.562840457089837,-4.028736136713025,-0.43281628038747166,0.4378745340970259,-2.6114025649043997,1.1782523591485634,-2.4682311405584407,3.1202160985032763,6.247961681273018,9.331292850504811,4.380805398599575,7.6591965456401585,-10.362556513263732
71,-6.236597105815988,2.134880232649637,2.0509219637205263,1.6604418369069969,9.240178913903135,-4.9330586025185035,5.102084147848097,-1.1968593689643643,14.349747844393727,-3.1559085246753242,-5.5330451561158185,3.808322228418634,-0.057819681438203575,12.786555362656236,-0.38372850892457927,7.5560050756092725,7.344439415503691,1.69662310763829,-7.8764457603484335,3.541173788995349,0.2104144834337373,5.482884621379235,6.028297258790991,-4.301677052966719,4.210334720377732,7.894229879736744,1.8098941238142807,2.1683896237806155,11.433197424880975,8.281957367181743
72,1.255384197077963,1.7663840440317906,-6.383948311431322,3.3697501764835263,-1.7933669897905058,8.148643684790693,6.838563820230054,-3.624079581534896,1.4611578738322646,4.5488655799772495,2.768435091579062,0.9793456732783337,17.10874474463305,0.6097086125985175,-9.564830906168938,1.0931535042333675,4.780910719578606,-2.622832624691609,-7.1060310545772465,2.3607846881831254,1.6606510668513235,-0.8462637637960292,17.51669607787542,-0.7581133363756993,-5.366877086554221,5.259439425976838,6.736037319328641,-1.7853715663400014,0.3507480402699647,8.711297788436372
73,4.528389631826143,1.835686705560668,5.924415163882297,5.905126146607322,-2.9374967195698685,-2.8544738669767793,4.37210803467863,-0.3908568595875549,5.731425747144045,2.7187466415325945,-1.3790459409389766,1.992883948725177,4.382615003898251,1.2057854024819628,5.199330119400975,0.09466353157510099,-0.6547186422575063,-3.2948511109830014,-7.9507951120767455,3.7329447510032248,-1.5518911039443486,-6.5951622992845484,5.767781951222278,2.185469948513313,-1.3994026836455244,-4.802483462655707,3.4026403868284643,-1.432742450559343,-1.1010322395861865,2.146642570487748
74,8.3772159040739,8.355957800286486,1.5298414250173191,7.459769221629849,-2.784014833459908,-4.558897252648642,-0.05912356530340714,-3.2368630913074217,-1.8279143443146866,5.697203100028253,-4.379534000789822,-8.45975076804853,0.37679153666408205,1.472908699694534,-2.520546613198018,-4.887540313065529,-0.8420952621793418,-0.003923521395965585,-5.133724967272361,3.838273406566535,-5.107021828794402,-0.0677440314959345,3.6910143633949253,10.307515660545457,3.3606999738121854,0.9818695489562678,-1.4739037764479521,-7.971791856011529,-7.77490886107209,-13.11198867895008
75,6.052352235647921,8.997664149821972,6.70402061989122,-2.74629911670801,-0.15076374505352064,-1.44797119971934,2.9906735643625546,-1.1565887599491853,-13.913512479033011,-0.49442190675890885,6.878889133654474,-2.631003060302381,3.148518453412078,-0.6282717195608581,4.0640884300348326,9.108933754979969,5.77314120188952,3.5127740292990817,1.0185702926834688,4.440468699746396,11.841960263867305,1.9647004760620972,6.994604553409948,-2.5286545420541975,2.626741246578638,-8.128557079059126,10.706453055262273,5.492675311359417,16.636335310923528,0.21590939436075093
76,8.589789932484484,12.13409533378843,5.742034726751574,-8.105026023059617,-1.622743638921394,-1.684684677081592,-3.272134278816866,2.397001781042235,-1.6025747975286224,7.678082499855161,-0.11973395763284955,0.3375271666971275,6.684515603189415,-2.587669560291518,-2.899409795928564,7.97749299154811,0.2587871555216324,4.575023466402071,-12.994862632443096,-3.6595937370253973,-5.895539689975174,1.3206921524611905,12.592524519432756,3.5908224616897098,-2.7695781244837887,4.124313180118674,8.017831652305157,-2.1468853343588004,-0.17237917420034204,2.939887062027387
77,5.026612732256375,7.990077983918728,-5.821917698265696,-0.476132260738523,4.060484964432638,-6.129651701443556,-2.852461008713414,12.629525786683908,9.48002483464361,3.6217923464334003,0.2174121704814126,1.7693162832771232,-1.2848768849245427,-0.341628177604117,-10.551693050144516,0.45620040253608685,10.717922433243839,2.294866882384454,-0.06482992638831546,2.150969165741316,7.490663043920837,9.898495019529678,12.67299934514314,-8.258025123757745,-6.23004944762238,4.8376268953326935,-1.6936976049122285,-1.7860138862823502,1.4188693033751796,7.193459114286565
78,-0.059362193038326794,6.092633405340994,5.2306473639077256,7.331585660883672,7.943416383986862,-0.8814833458605718,1.3577801637229965,5.3766991057250895,1.2292138177671297,2.3212466757805092,-0.7800748265279215,7.41821283332482,2.0820424795785772,1.7537832446413761,-3.3107621871151234,11.132732729259853,3.443179747023313,-2.635243582526497,-4.246860934565934,3.6395591842824015,4.663079822418234,-0.6295938305765678,2.4677992906285353,6.662319647437449,1.4017542844644,0.735814789493167,-1.9192817180928756,1.286792860815666,8.442905509788766,-3.739563392814121
79,4.272506332545217,16.451982448645047,4.114305686493033,13.446823230955111,8.965608973120727,0.043930529560141096,4.831769597451487,9.87696104900968,6.765488134017723,1.447768454052788,-6.22782043431212,5.52985281422447,-4.011041574599347,9.218360311896205,4.127030778310432,-0.5899605022819377,0.5228724064583734,0.09194172895559513,1.5172359356578529,5.150560287445766,-0.652616213899281,-6.4767239618591725,11.641275029522529,-2.1333919549437024,9.52692700740281,2.027138962318171,4.580795091454454,-0.7022125935410963,3.151276107081419,-5.414716829011544
80,-2.3406137688052624,20.58199515859648,-9.660113030759616,-8.01878870098195,9.501132047627816,-1.9364696136459167,3.05661459668789,3.3031910108703415,4.878062079112475,11.906638258653542,4.462199611961321,5.13393930634357,-1.6564913384802233,8.697868169170912,-0.8489242674752413,0.20093516195865135,9.216394215501314,3.905919545679008,3.1040988461211922,10.37143671465437,2.1373543753861153,0.06705344779822377,18.29433851054905,2.639829634275328,3.42465097028048,1.6122664716813127,1.2779449027182652,-6.440479647804494,0.386492469137271,-6.342403815766058
81,2.592511934453314,16.650265148665042,-4.41429783814488,1.8425897969507252,5.799232823650218,-6.818101125431563,4.113001534021291,11.404637343033713,-1.6356461089352479,-2.529892447922024,6.819530556465839,-7.185601266609435,-3.729181978833298,0.3497712478876538,0.9625252791904655,10.931248429001785,6.695338060820956,3.513985178494556,10.297425869725135,11.702819079250533,7.465040490833861,-0.8934234045456735,6.519703067293312,2.202787905718969,0.6292790866192727,1.945630465886139,-2.1246971600073046,3.757872040300044,2.973876591827918,4.518168277641565
82,-3.2544292574384,13.160018876690632,7.201285955311267,-0.4175981401622144,5.994209994520627,-0.22070093242724434,-1.12662695922639,10.177936840024541,7.059895793712218,8.733410842591468,5.151012256401935,6.188331450867432,-0.3662883653919962,2.6076095679393685,6.830314579038464,20.018521567182308,13.409098472675408,14.739924873856033,-10.232353184212787,6.229228336296846,10.338503951352081,10.590492776909525,13.312741271244448,9.792250760632593,6.258271950534627,11.405826693752093,0.46670432394063727,0.7521467344515115,1.4562897218067705,7.586612749905464
